{
    "name": "USA",
    "children": [
        {
            "name":"New York",
            "children": [
                {
                    "name":"Albany",
                    "sales": 5000
                },
                {
                    "name":"New Jersey",
                    "sales": 15000
                },
                {
                    "name":"Buffalo",
                    "sales":10000
                }        
                        ]
        },
        {
            "name": "California",
            "children": [
                {
                    "name": "Chicago",
                    "sales": 10000
                },
                {
                    "name": "Golden State",
                    "sales": 6000
                }
                        ]
        }
                ]         
}